{
  "Transparency" : 0.22530337880710663,
  "Tags" : [

  ],
  "Ansi 12 Color" : {
    "Red Component" : 0.3339003627997954,
    "Color Space" : "sRGB",
    "Blue Component" : 0.95686274766921997,
    "Alpha Component" : 1,
    "Green Component" : 0.42042291625388295
  },
  "Ansi 7 Color" : {
    "Red Component" : 0.99215686321258545,
    "Color Space" : "sRGB",
    "Alpha Component" : 1,
    "Blue Component" : 0.99215686321258545,
    "Green Component" : 0.99215686321258545
  },
  "Ansi 8 Color" : {
    "Red Component" : 0.25490197539329529,
    "Color Space" : "sRGB",
    "Alpha Component" : 1,
    "Blue Component" : 0.34509804844856262,
    "Green Component" : 0.26666668057441711
  },
  "Bold Color" : {
    "Red Component" : 0.99999600648880005,
    "Color Space" : "sRGB",
    "Alpha Component" : 1,
    "Blue Component" : 1,
    "Green Component" : 1
  },
  "Ansi 9 Color" : {
    "Red Component" : 1,
    "Color Space" : "sRGB",
    "Alpha Component" : 1,
    "Blue Component" : 0.44313725829124451,
    "Green Component" : 0.28627452254295349
  },
  "Ansi 1 Color" : {
    "Red Component" : 0.9529411792755127,
    "Color Space" : "sRGB",
    "Alpha Component" : 1,
    "Blue Component" : 0.59215688705444336,
    "Green Component" : 0.49803921580314636
  },
  "Ansi 2 Color" : {
    "Red Component" : 0.024938964843749998,
    "Color Space" : "sRGB",
    "Blue Component" : 0.77511261997390535,
    "Alpha Component" : 1,
    "Green Component" : 0.8901960784313725
  },
  "Rows" : 25,
  "Default Bookmark" : "No",
  "Blend" : 0.76842447916666667,
  "Cursor Guide Color" : {
    "Red Component" : 0.70213186740875244,
    "Color Space" : "sRGB",
    "Alpha Component" : 0.25,
    "Blue Component" : 1,
    "Green Component" : 0.9268307089805603
  },
  "Non-ASCII Anti Aliased" : true,
  "Use Bright Bold" : true,
  "Ansi 10 Color" : {
    "Red Component" : 0.094117648899555206,
    "Color Space" : "sRGB",
    "Alpha Component" : 1,
    "Blue Component" : 0.78431373834609985,
    "Green Component" : 0.89019608497619629
  },
  "Ambiguous Double Width" : false,
  "Jobs to Ignore" : [
    "rlogin",
    "ssh",
    "slogin",
    "telnet"
  ],
  "Show Status Bar" : true,
  "Ansi 15 Color" : {
    "Red Component" : 0.90000000000000002,
    "Color Space" : "sRGB",
    "Alpha Component" : 1,
    "Blue Component" : 0.90000000000000002,
    "Green Component" : 0.90000000000000002
  },
  "Foreground Color" : {
    "Red Component" : 1,
    "Color Space" : "sRGB",
    "Alpha Component" : 1,
    "Blue Component" : 1,
    "Green Component" : 1
  },
  "Bound Hosts" : [

  ],
  "Working Directory" : "\/Users\/slaukilo",
  "Blinking Cursor" : true,
  "Disable Window Resizing" : true,
  "Sync Title" : false,
  "Prompt Before Closing 2" : false,
  "BM Growl" : true,
  "Command" : "",
  "Description" : "Default",
  "Mouse Reporting" : true,
  "Screen" : -1,
  "Selection Color" : {
    "Red Component" : 0.75813239812850952,
    "Color Space" : "sRGB",
    "Alpha Component" : 1,
    "Blue Component" : 1,
    "Green Component" : 0.86970102787017822
  },
  "Columns" : 80,
  "Idle Code" : 0,
  "Ansi 13 Color" : {
    "Red Component" : 0.69019609689712524,
    "Color Space" : "sRGB",
    "Alpha Component" : 1,
    "Blue Component" : 0.81960785388946533,
    "Green Component" : 0.26274511218070984
  },
  "Custom Command" : "No",
  "ASCII Anti Aliased" : true,
  "Non Ascii Font" : "SourceCodePro+Powerline+AwesomeRegular 12.4",
  "Vertical Spacing" : 1,
  "Use Bold Font" : true,
  "Option Key Sends" : 0,
  "Selected Text Color" : {
    "Red Component" : 0,
    "Color Space" : "sRGB",
    "Alpha Component" : 1,
    "Blue Component" : 0,
    "Green Component" : 0
  },
  "Background Color" : {
    "Red Component" : 0.20835857893796358,
    "Color Space" : "sRGB",
    "Blue Component" : 0.31195068359375,
    "Alpha Component" : 1,
    "Green Component" : 0.19940072763711214
  },
  "Character Encoding" : 4,
  "Ansi 11 Color" : {
    "Red Component" : 1,
    "Color Space" : "sRGB",
    "Alpha Component" : 1,
    "Blue Component" : 0.21568627655506134,
    "Green Component" : 0.50196081399917603
  },
  "Non-ASCII Ligatures" : true,
  "Use Italic Font" : true,
  "Unlimited Scrollback" : false,
  "Keyboard Map" : {
    "0xf700-0x260000" : {
      "Action" : 10,
      "Text" : "[1;6A"
    },
    "0x37-0x40000" : {
      "Action" : 11,
      "Text" : "0x1f"
    },
    "0x32-0x40000" : {
      "Action" : 11,
      "Text" : "0x00"
    },
    "0xf709-0x20000" : {
      "Action" : 10,
      "Text" : "[17;2~"
    },
    "0xf70c-0x20000" : {
      "Action" : 10,
      "Text" : "[20;2~"
    },
    "0xf729-0x20000" : {
      "Action" : 10,
      "Text" : "[1;2H"
    },
    "0xf72b-0x40000" : {
      "Action" : 10,
      "Text" : "[1;5F"
    },
    "0xf705-0x20000" : {
      "Action" : 10,
      "Text" : "[1;2Q"
    },
    "0xf703-0x260000" : {
      "Action" : 10,
      "Text" : "[1;6C"
    },
    "0xf700-0x220000" : {
      "Action" : 10,
      "Text" : "[1;2A"
    },
    "0xf701-0x280000" : {
      "Action" : 11,
      "Text" : "0x1b 0x1b 0x5b 0x42"
    },
    "0x38-0x40000" : {
      "Action" : 11,
      "Text" : "0x7f"
    },
    "0x33-0x40000" : {
      "Action" : 11,
      "Text" : "0x1b"
    },
    "0xf703-0x220000" : {
      "Action" : 10,
      "Text" : "[1;2C"
    },
    "0xf701-0x240000" : {
      "Action" : 10,
      "Text" : "[1;5B"
    },
    "0xf70d-0x20000" : {
      "Action" : 10,
      "Text" : "[21;2~"
    },
    "0xf702-0x260000" : {
      "Action" : 10,
      "Text" : "[1;6D"
    },
    "0xf729-0x40000" : {
      "Action" : 10,
      "Text" : "[1;5H"
    },
    "0xf706-0x20000" : {
      "Action" : 10,
      "Text" : "[1;2R"
    },
    "0x34-0x40000" : {
      "Action" : 11,
      "Text" : "0x1c"
    },
    "0xf700-0x280000" : {
      "Action" : 11,
      "Text" : "0x1b 0x1b 0x5b 0x41"
    },
    "0x2d-0x40000" : {
      "Action" : 11,
      "Text" : "0x1f"
    },
    "0xf70e-0x20000" : {
      "Action" : 10,
      "Text" : "[23;2~"
    },
    "0xf702-0x220000" : {
      "Action" : 10,
      "Text" : "[1;2D"
    },
    "0xf703-0x280000" : {
      "Action" : 11,
      "Text" : "0x1b 0x1b 0x5b 0x43"
    },
    "0xf700-0x240000" : {
      "Action" : 10,
      "Text" : "[1;5A"
    },
    "0xf707-0x20000" : {
      "Action" : 10,
      "Text" : "[1;2S"
    },
    "0xf70a-0x20000" : {
      "Action" : 10,
      "Text" : "[18;2~"
    },
    "0x35-0x40000" : {
      "Action" : 11,
      "Text" : "0x1d"
    },
    "0xf70f-0x20000" : {
      "Action" : 10,
      "Text" : "[24;2~"
    },
    "0xf703-0x240000" : {
      "Action" : 10,
      "Text" : "[1;5C"
    },
    "0xf701-0x260000" : {
      "Action" : 10,
      "Text" : "[1;6B"
    },
    "0xf702-0x280000" : {
      "Action" : 11,
      "Text" : "0x1b 0x1b 0x5b 0x44"
    },
    "0xf72b-0x20000" : {
      "Action" : 10,
      "Text" : "[1;2F"
    },
    "0x36-0x40000" : {
      "Action" : 11,
      "Text" : "0x1e"
    },
    "0xf708-0x20000" : {
      "Action" : 10,
      "Text" : "[15;2~"
    },
    "0xf701-0x220000" : {
      "Action" : 10,
      "Text" : "[1;2B"
    },
    "0xf70b-0x20000" : {
      "Action" : 10,
      "Text" : "[19;2~"
    },
    "0xf702-0x240000" : {
      "Action" : 10,
      "Text" : "[1;5D"
    },
    "0xf704-0x20000" : {
      "Action" : 10,
      "Text" : "[1;2P"
    }
  },
  "Window Type" : 0,
  "Blur Radius" : 7.1238201935279202,
  "Cursor Boost" : 0,
  "Initial Text" : "",
  "Blur" : true,
  "Badge Color" : {
    "Red Component" : 1,
    "Color Space" : "sRGB",
    "Alpha Component" : 0.5,
    "Blue Component" : 0,
    "Green Component" : 0.1491314172744751
  },
  "Scrollback Lines" : 1000,
  "Send Code When Idle" : false,
  "Close Sessions On End" : true,
  "Terminal Type" : "xterm-256color",
  "Visual Bell" : true,
  "Flashing Bell" : false,
  "Status Bar Layout" : {
    "components" : [
      {
        "class" : "iTermStatusBarUsernameComponent",